,UserID,Community,T1CorenessinCommunity,T1TrussinCommunity,SubCommunity,T2CorenessinCommunity,T2TrussinCommunity,ComWithSubCom
0,1,0,25,26.0,0,127,128,00
1,2,1,38,26.0,0,53,54,10
2,3,0,25,39.0,1,122,122,01
3,4,0,25,26.0,1,122,122,01
4,5,1,38,39.0,1,49,50,11
5,6,0,29,26.0,0,127,128,00
6,7,2,43,26.0,0,58,59,20
7,8,2,43,39.0,0,58,59,20
8,9,3,136,26.0,0,108,109,30
9,10,0,49,39.0,0,127,128,00
10,11,1,38,26.0,0,53,54,10
11,12,1,38,26.0,0,53,54,10
12,13,4,68,26.0,0,94,95,40
13,14,5,24,26.0,0,23,24,50
14,15,4,32,39.0,0,94,95,40
15,16,0,17,30.0,1,122,122,01
16,17,6,59,26.0,0,69,70,60
17,18,1,38,39.0,0,53,54,10
18,19,0,21,89.0,0,127,128,00
19,20,7,19,26.0,0,54,55,70
20,21,0,25,44.0,1,122,122,01
21,22,0,25,137.0,1,122,122,01
22,23,7,12,39.0,1,104,105,71
23,24,7,19,26.0,1,104,105,71
24,25,0,64,89.0,0,127,128,00
25,26,0,64,39.0,0,127,128,00
26,27,7,29,26.0,1,104,105,71
27,28,0,25,39.0,1,122,122,01
28,29,6,59,39.0,0,69,70,60
29,30,3,136,39.0,1,20,21,31
30,31,0,17,69.0,1,122,122,01
31,32,7,58,39.0,0,54,55,70
32,33,3,136,26.0,0,108,109,30
33,34,2,39,26.0,1,20,21,21
34,35,7,5,30.0,0,54,55,70
35,36,7,58,89.0,0,54,55,70
36,37,3,136,26.0,1,20,21,31
37,38,1,38,30.0,1,49,50,11
38,39,0,17,56.0,0,127,128,00
39,40,5,24,39.0,0,23,24,50
40,41,0,64,33.0,0,127,128,00
41,42,2,43,26.0,0,58,59,20
42,43,7,29,44.0,1,104,105,71
43,44,0,25,42.0,1,122,122,01
44,45,6,59,26.0,0,69,70,60
45,46,7,9,137.0,1,104,105,71
46,47,0,17,60.0,0,127,128,00
47,48,2,43,39.0,0,58,59,20
48,49,7,58,89.0,0,54,55,70
49,50,0,25,39.0,0,126,127,00
50,51,4,68,26.0,0,94,95,40
51,52,7,58,39.0,1,104,105,71
52,53,6,59,26.0,0,69,70,60
53,54,0,29,29.0,1,122,122,01
54,55,6,59,39.0,0,69,70,60
55,56,0,21,27.0,1,122,122,01
56,57,0,5,26.0,1,122,122,01
57,58,6,59,30.0,0,69,70,60
58,59,4,68,26.0,0,94,95,40
59,60,7,5,39.0,0,54,55,70
60,61,0,64,26.0,1,122,122,01
61,62,2,39,30.0,0,58,59,20
62,63,0,17,13.0,1,122,122,01
63,64,4,68,39.0,0,94,95,40
64,65,4,32,30.0,0,94,95,40
65,66,3,136,39.0,0,108,109,30
66,67,3,136,30.0,0,108,109,30
67,68,3,136,89.0,0,108,109,30
68,69,0,64,27.0,1,122,122,01
69,70,0,64,65.0,1,122,122,01
70,71,5,24,26.0,0,23,24,50
71,72,2,39,89.0,0,58,59,20
72,73,3,136,44.0,0,108,109,30
73,74,5,24,26.0,0,23,24,50
74,75,0,17,65.0,0,127,128,00
75,76,3,136,137.0,0,108,109,30
76,77,0,25,30.0,1,122,122,01
77,78,2,43,44.0,1,20,21,21
78,79,2,39,137.0,1,20,21,21
79,80,2,39,89.0,1,20,21,21
80,81,3,136,89.0,1,20,21,31
81,82,6,59,89.0,0,69,70,60
82,83,1,69,89.0,0,53,54,10
83,84,0,29,56.0,0,127,128,00
84,85,4,68,89.0,0,94,95,40
85,86,2,43,39.0,0,58,59,20
86,87,2,43,39.0,0,58,59,20
87,88,7,29,69.0,1,104,105,71
88,89,2,39,69.0,1,20,21,21
89,90,4,68,44.0,0,94,95,40
90,91,0,17,89.0,1,122,122,01
91,92,0,17,137.0,1,122,122,01
92,93,0,29,42.0,0,127,128,00
93,94,3,136,39.0,0,108,109,30
94,95,2,43,56.0,0,58,59,20
95,96,7,12,56.0,0,54,55,70
96,97,0,17,64.0,1,122,122,01
97,98,0,21,137.0,0,124,125,00
98,99,3,136,39.0,0,108,109,30
99,100,0,49,40.0,0,127,128,00
100,101,3,136,69.0,0,108,109,30
101,102,6,59,44.0,0,69,70,60
102,103,3,136,56.0,0,108,109,30
103,104,3,136,33.0,0,108,109,30
104,105,0,64,6.0,1,122,122,01
105,106,0,21,64.0,0,127,128,00
106,107,5,24,39.0,0,23,24,50
107,108,4,68,137.0,0,94,95,40
108,109,1,69,44.0,1,49,50,11
109,110,3,136,42.0,0,108,109,30
110,111,0,64,137.0,0,127,128,00
111,112,0,11,39.0,1,122,122,01
112,113,0,49,29.0,0,127,128,00
113,114,6,59,137.0,0,69,70,60
114,115,0,64,28.0,1,122,122,01
115,116,7,5,33.0,1,104,105,71
116,117,3,136,60.0,0,108,109,30
117,118,2,43,33.0,0,58,59,20
118,119,6,59,89.0,0,69,70,60
119,120,1,38,137.0,0,53,54,10
120,121,0,21,65.0,1,122,122,01
121,122,7,18,42.0,1,104,105,71
122,123,7,12,60.0,1,104,105,71
123,124,3,136,39.0,0,108,109,30
124,125,0,13,44.0,0,127,128,00
125,126,7,5,39.0,1,104,105,71
126,127,0,5,30.0,1,121,122,01
127,128,7,9,29.0,1,104,105,71
128,129,7,9,27.0,1,104,105,71
129,130,4,7,89.0,0,94,95,40
130,131,2,39,42.0,1,20,21,21
131,132,1,69,89.0,0,53,54,10
132,133,0,64,26.0,1,122,122,01
133,134,6,59,39.0,0,69,70,60
134,135,3,136,29.0,0,108,109,30
135,136,1,69,39.0,0,53,54,10
136,137,4,68,39.0,0,90,91,40
137,138,6,6,39.0,0,69,70,60
138,139,3,136,27.0,0,108,108,30
139,140,7,58,26.0,1,104,105,71
140,141,6,59,69.0,0,69,70,60
141,142,1,69,39.0,1,49,50,11
142,143,0,25,60.0,1,122,122,01
143,144,6,59,56.0,0,69,70,60
144,145,0,17,10.0,1,122,122,01
145,146,0,17,16.0,0,127,128,00
146,147,7,29,26.0,1,104,105,71
147,148,0,64,44.0,0,127,128,00
148,149,7,9,13.0,1,104,105,71
149,150,7,12,27.0,1,104,105,71
150,151,2,39,60.0,0,58,59,20
151,152,4,29,39.0,0,94,95,40
152,153,3,136,26.0,0,108,109,30
153,154,3,136,26.0,0,108,109,30
154,155,1,38,69.0,1,49,50,11
155,156,4,68,69.0,0,94,95,40
156,157,0,64,64.0,0,127,128,00
157,158,4,68,56.0,0,94,95,40
158,159,7,58,65.0,1,104,105,71
159,160,6,59,33.0,0,69,70,60
160,161,0,20,26.0,0,127,128,00
161,162,0,17,69.0,1,122,122,01
162,163,2,43,39.0,0,58,59,20
163,164,7,5,65.0,1,104,105,71
164,165,1,38,56.0,1,49,50,11
165,166,4,68,33.0,0,94,95,40
166,167,1,69,33.0,0,53,54,10
167,168,1,69,42.0,1,49,50,11
168,169,1,38,60.0,1,49,50,11
169,170,7,11,30.0,0,54,55,70
170,171,4,30,42.0,0,94,95,40
171,172,0,17,64.0,0,127,128,00
172,173,1,69,39.0,0,53,54,10
173,174,2,39,29.0,1,20,21,21
174,175,2,4,27.0,0,58,59,20
175,176,5,24,30.0,0,23,24,50
176,177,6,59,42.0,0,69,70,60
177,178,1,69,29.0,1,49,50,11
178,179,0,17,60.0,1,122,122,01
179,180,2,39,26.0,0,58,59,20
180,181,0,29,30.0,0,127,128,00
181,182,6,59,60.0,0,69,70,60
182,183,5,24,89.0,0,23,24,50
183,184,0,21,60.0,0,127,128,00
184,185,7,29,56.0,1,104,105,71
185,186,0,29,22.0,1,122,122,01
186,187,4,68,60.0,0,94,95,40
187,188,3,136,13.0,0,108,109,30
188,189,0,49,7.0,0,127,128,00
189,190,2,43,26.0,0,58,59,20
190,191,2,43,13.0,0,58,59,20
191,192,4,68,39.0,0,94,95,40
192,193,3,136,27.0,0,108,109,30
193,194,2,43,27.0,0,58,59,20
194,195,0,49,60.0,0,127,128,00
195,196,0,25,69.0,0,127,128,00
196,197,0,25,12.0,1,122,122,01
197,198,7,58,89.0,0,54,55,70
198,199,0,25,65.0,0,127,128,00
199,200,6,59,39.0,0,69,70,60
200,201,0,25,40.0,0,127,128,00
201,202,4,29,29.0,0,94,95,40
202,203,7,58,137.0,1,104,105,71
203,204,7,29,42.0,1,104,105,71
204,205,0,11,37.0,1,122,122,01
205,206,7,58,64.0,1,104,105,71
206,207,0,49,69.0,0,127,128,00
207,208,0,64,33.0,0,127,128,00
208,209,4,29,27.0,0,94,95,40
209,210,0,64,137.0,0,127,128,00
210,211,0,11,137.0,1,122,122,01
211,212,4,32,26.0,0,94,95,40
212,213,0,29,137.0,0,127,128,00
213,214,7,29,137.0,1,104,105,71
214,215,6,59,29.0,0,69,70,60
215,216,0,64,65.0,0,127,128,00
216,217,1,69,27.0,1,49,50,11
217,218,2,43,65.0,0,58,59,20
218,219,6,59,27.0,0,69,70,60
219,220,0,21,65.0,0,127,128,00
220,221,3,136,65.0,0,108,109,30
221,222,6,59,26.0,0,69,70,60
222,223,7,58,40.0,0,54,55,70
223,224,4,29,26.0,0,94,95,40
224,225,2,39,65.0,0,58,59,20
225,226,3,136,65.0,0,108,109,30
226,227,0,29,28.0,1,122,122,01
227,228,7,58,6.0,1,104,105,71
228,229,7,29,64.0,1,104,105,71
229,230,7,58,137.0,1,104,105,71
230,231,0,21,40.0,0,127,128,00
231,232,5,24,44.0,0,23,24,50
232,233,0,64,137.0,0,127,128,00
233,234,0,49,29.0,0,127,128,00
234,235,4,68,13.0,0,94,95,40
235,236,7,18,39.0,1,104,105,71
236,237,2,43,30.0,0,58,59,20
237,238,2,39,56.0,0,58,59,20
238,239,0,49,16.0,0,127,128,00
239,240,4,29,27.0,0,94,95,40
240,241,7,58,29.0,0,54,55,70
241,242,4,68,65.0,0,94,95,40
242,243,4,68,65.0,0,94,95,40
243,244,0,25,137.0,0,127,128,00
244,245,3,136,30.0,1,20,21,31
245,246,3,136,56.0,1,20,21,31
246,247,0,64,26.0,0,127,128,00
247,248,3,136,89.0,0,108,109,30
248,249,3,136,137.0,0,108,109,30
249,250,0,49,44.0,0,127,128,00
250,251,6,6,26.0,0,69,70,60
251,252,0,64,40.0,0,127,128,00
252,253,7,29,28.0,0,54,55,70
253,254,4,68,30.0,0,94,95,40
254,255,0,17,40.0,1,122,122,01
255,256,7,3,65.0,0,54,55,70
256,257,3,136,42.0,0,108,109,30
257,258,7,58,44.0,1,104,105,71
258,259,3,136,64.0,0,108,109,30
259,260,7,12,30.0,0,54,55,70
260,261,2,43,89.0,0,58,59,20
261,262,7,58,26.0,0,54,55,70
262,263,6,59,13.0,0,69,70,60
263,264,7,19,60.0,0,54,55,70
264,265,0,29,137.0,0,127,128,00
265,266,2,39,137.0,1,20,21,21
266,267,0,64,60.0,1,122,122,01
267,268,0,64,70.0,1,122,122,01
268,269,7,29,10.0,1,104,105,71
269,270,7,58,16.0,0,54,55,70
270,271,0,64,56.0,0,127,128,00
271,272,5,24,137.0,0,23,24,50
272,273,1,38,26.0,0,53,54,10
273,274,7,58,44.0,1,104,105,71
274,275,0,64,69.0,1,122,122,01
275,276,3,136,137.0,0,108,109,30
276,277,2,39,42.0,0,58,59,20
277,278,7,29,64.0,1,104,105,71
278,279,6,59,27.0,0,69,70,60
279,280,7,29,26.0,0,54,55,70
280,281,7,58,69.0,0,54,55,70
281,282,2,43,64.0,0,58,59,20
282,283,6,59,65.0,0,67,67,60
283,284,0,49,44.0,0,127,128,00
284,285,6,59,65.0,0,69,70,60
285,286,3,136,40.0,1,20,21,31
286,287,0,11,44.0,0,127,128,00
287,288,0,17,30.0,1,122,122,01
288,289,0,49,40.0,1,122,122,01
289,290,0,64,69.0,1,122,122,01
290,291,3,136,6.0,0,108,109,30
291,292,6,12,30.0,0,69,70,60
292,293,0,25,29.0,1,122,122,01
293,294,0,49,16.0,1,122,122,01
294,295,4,68,56.0,0,94,95,40
295,296,2,39,137.0,0,58,59,20
296,297,4,29,89.0,0,94,95,40
297,298,0,29,30.0,0,127,128,00
298,299,6,6,56.0,0,69,70,60
299,300,6,14,89.0,0,69,70,60
300,301,3,136,64.0,0,108,109,30
301,302,4,68,137.0,0,94,95,40
302,303,3,136,137.0,0,108,109,30
303,304,7,58,64.0,0,54,55,70
304,305,6,59,137.0,0,69,70,60
305,306,1,69,26.0,0,53,54,10
306,307,3,136,39.0,1,20,21,31
307,308,0,49,137.0,1,122,122,01
308,309,5,24,89.0,0,23,24,50
309,310,4,68,42.0,0,94,95,40
310,311,0,25,44.0,1,122,122,01
311,312,1,69,13.0,0,53,54,10
312,313,0,17,14.0,1,122,122,01
313,314,7,58,60.0,1,104,105,71
314,315,4,68,64.0,0,94,95,40
315,316,1,38,27.0,0,53,54,10
316,317,2,43,40.0,0,58,59,20
317,318,0,16,18.0,0,127,128,00
318,319,6,59,42.0,0,69,70,60
319,320,3,136,29.0,0,108,109,30
320,321,4,32,137.0,0,94,95,40
321,322,3,136,28.0,0,108,109,30
322,323,3,136,65.0,0,108,109,30
323,324,7,58,30.0,0,54,55,70
324,325,0,25,27.0,0,127,128,00
325,326,2,43,6.0,0,58,59,20
326,327,3,136,44.0,0,108,109,30
327,328,2,43,64.0,0,58,59,20
328,329,4,68,40.0,0,94,95,40
329,330,4,29,6.0,0,94,95,40
330,331,0,49,137.0,0,127,128,00
331,332,3,136,30.0,0,108,109,30
332,333,1,69,65.0,0,53,54,10
333,334,0,21,89.0,0,127,128,00
334,335,0,29,137.0,1,122,122,01
335,336,0,11,60.0,0,124,125,00
336,337,5,24,39.0,0,23,24,50
337,338,7,29,60.0,1,104,105,71
338,339,0,11,137.0,0,127,128,00
339,340,0,64,137.0,0,127,128,00
340,341,7,58,22.0,0,54,55,70
341,342,1,38,65.0,0,53,54,10
342,343,0,64,89.0,0,127,128,00
343,344,7,29,7.0,1,104,105,71
344,345,7,29,60.0,1,104,105,71
345,346,1,69,30.0,1,49,50,11
346,347,3,136,26.0,0,108,109,30
347,348,7,58,69.0,0,54,55,70
348,349,0,17,56.0,0,127,128,00
349,350,3,136,60.0,0,108,109,30
350,351,4,68,64.0,0,94,95,40
351,352,6,14,64.0,0,69,70,60
352,353,5,24,39.0,0,23,24,50
353,354,7,29,12.0,1,104,105,71
354,355,3,136,10.0,0,108,109,30
355,356,7,19,65.0,1,104,105,71
356,357,0,29,38.0,1,122,122,01
357,358,4,68,137.0,0,94,95,40
358,359,3,136,16.0,1,20,21,31
359,360,1,69,56.0,0,53,54,10
360,361,3,136,44.0,0,108,109,30
361,362,7,6,40.0,0,54,55,70
362,363,3,136,64.0,0,108,109,30
363,364,0,64,69.0,0,127,128,00
364,365,0,9,70.0,0,127,128,00
365,366,7,58,37.0,0,54,55,70
366,367,3,136,26.0,0,108,107,30
367,368,3,136,69.0,0,108,107,30
368,369,3,136,64.0,0,108,109,30
369,370,0,25,137.0,0,127,128,00
370,371,0,64,89.0,1,122,122,01
371,372,7,58,69.0,0,54,55,70
372,373,1,38,89.0,0,53,54,10
373,374,0,29,38.0,1,122,122,01
374,375,0,17,89.0,1,120,120,01
375,376,1,38,137.0,0,53,54,10
376,377,3,136,60.0,0,108,109,30
377,378,3,136,30.0,0,108,109,30
378,379,6,59,137.0,0,69,70,60
379,380,0,64,60.0,0,127,128,00
380,381,0,49,65.0,0,127,128,00
381,382,0,64,12.0,0,127,128,00
382,383,2,43,137.0,1,20,21,21
383,384,6,59,40.0,0,69,70,60
384,385,0,25,137.0,0,127,128,00
385,386,0,11,89.0,1,122,122,01
386,387,0,17,60.0,0,127,128,00
387,388,1,69,42.0,1,49,50,11
388,389,7,18,33.0,1,104,105,71
389,390,7,18,137.0,1,104,105,71
390,391,3,136,60.0,0,108,109,30
391,392,0,25,39.0,0,127,128,00
392,393,3,136,22.0,1,20,21,31
393,394,2,43,39.0,0,58,59,20
394,395,1,69,64.0,1,49,50,11
395,396,0,64,22.0,1,122,122,01
396,397,3,136,7.0,0,108,109,30
397,398,1,69,137.0,0,53,54,10
398,399,1,69,40.0,1,49,50,11
399,400,2,39,29.0,0,58,59,20
400,401,7,11,137.0,1,104,105,71
401,402,0,64,21.0,0,127,128,00
402,403,1,69,6.0,1,49,50,11
403,404,6,14,6.0,0,69,70,60
404,405,7,12,137.0,0,54,55,70
405,406,4,68,39.0,0,94,95,40
406,407,0,64,13.0,1,122,122,01
407,408,3,136,60.0,0,108,109,30
408,409,2,43,28.0,0,58,59,20
409,410,7,19,65.0,1,104,105,71
410,411,4,68,29.0,0,94,95,40
411,412,4,68,28.0,0,94,95,40
412,413,4,68,65.0,0,94,95,40
413,414,6,59,64.0,0,69,70,60
414,415,4,68,44.0,0,94,95,40
415,416,7,58,65.0,1,104,105,71
416,417,1,38,64.0,1,49,50,11
417,418,2,4,65.0,0,58,59,20
418,419,0,11,137.0,0,127,128,00
419,420,4,68,30.0,0,94,95,40
420,421,6,14,137.0,0,69,70,60
421,422,0,49,20.0,1,122,122,01
422,423,1,69,137.0,0,53,54,10
423,424,7,13,28.0,1,104,105,71
424,425,3,136,69.0,0,108,109,30
425,426,4,68,26.0,0,94,95,40
426,427,6,6,39.0,0,69,70,60
427,428,3,136,12.0,0,108,109,30
428,429,3,136,65.0,0,108,109,30
429,430,5,24,69.0,0,23,24,50
430,431,0,49,7.0,1,122,122,01
431,432,0,17,6.0,0,127,128,00
432,433,0,17,10.0,1,122,122,01
433,434,7,58,40.0,0,54,55,70
434,435,0,64,10.0,1,122,122,01
435,436,2,39,44.0,0,58,59,20
436,437,1,38,39.0,0,53,54,10
437,438,2,39,30.0,0,58,59,20
438,439,2,39,26.0,0,58,59,20
439,440,1,69,29.0,0,53,54,10
440,441,0,25,38.0,0,127,128,00
441,442,3,136,40.0,0,108,109,30
442,443,0,11,40.0,1,122,122,01
443,444,7,8,137.0,1,104,105,71
444,445,0,49,89.0,0,127,128,00
445,446,4,68,60.0,0,94,95,40
446,447,2,43,60.0,0,58,59,20
447,448,0,17,65.0,0,127,128,00
448,449,0,21,60.0,0,127,128,00
449,450,4,29,10.0,0,94,95,40
450,451,3,136,37.0,0,108,109,30
451,452,2,43,10.0,0,58,59,20
452,453,3,136,69.0,0,108,109,30
453,454,1,69,28.0,0,53,54,10
454,455,2,43,16.0,0,58,59,20
455,456,0,25,137.0,0,127,128,00
456,457,7,5,29.0,0,54,55,70
457,458,0,25,70.0,0,127,128,00
458,459,3,136,33.0,0,108,109,30
459,460,1,38,65.0,0,53,54,10
460,461,3,136,137.0,0,108,109,30
461,462,7,58,16.0,0,54,55,70
462,463,7,11,137.0,1,104,105,71
463,464,0,49,69.0,0,127,128,00
464,465,1,69,44.0,0,53,54,10
465,466,3,136,137.0,0,108,109,30
466,467,0,64,9.0,1,122,122,01
467,468,0,64,137.0,0,127,128,00
468,469,4,68,16.0,0,94,95,40
469,470,6,59,29.0,0,69,70,60
470,471,3,136,137.0,1,16,17,31
471,472,3,136,65.0,1,20,21,31
472,473,3,136,65.0,0,108,109,30
473,474,0,49,64.0,1,122,122,01
474,475,6,59,28.0,0,69,70,60
475,476,3,136,28.0,0,105,104,30
476,477,7,58,26.0,1,101,100,71
477,478,1,69,30.0,0,53,54,10
478,479,4,68,44.0,0,94,95,40
479,480,0,17,60.0,1,122,122,01
480,481,0,17,70.0,0,127,128,00
481,482,7,58,44.0,0,54,55,70
482,483,5,24,56.0,0,23,24,50
483,484,3,136,40.0,0,108,109,30
484,485,4,29,64.0,0,94,95,40
485,486,4,68,26.0,0,94,95,40
486,487,0,64,26.0,0,127,128,00
487,488,0,25,60.0,0,127,128,00
488,489,1,69,26.0,1,49,50,11
489,490,7,12,40.0,1,104,105,71
490,491,7,18,40.0,1,104,105,71
491,492,4,68,69.0,0,94,95,40
492,493,0,64,29.0,1,122,122,01
493,494,2,39,44.0,0,58,59,20
494,495,0,64,17.0,1,122,122,01
495,496,7,58,137.0,0,54,55,70
496,497,3,136,137.0,1,20,21,31
497,498,0,25,30.0,1,122,122,01
498,499,6,59,65.0,0,69,70,60
499,500,2,43,64.0,0,58,59,20
500,501,3,136,29.0,0,108,109,30
501,502,3,136,16.0,1,20,21,31
502,503,7,18,60.0,1,104,105,71
503,504,7,19,70.0,0,54,55,70
504,505,1,38,60.0,1,49,50,11
505,506,6,59,44.0,0,69,70,60
506,507,7,18,56.0,0,54,55,70
507,508,0,17,65.0,0,127,128,00
508,509,2,43,26.0,0,58,59,20
509,510,1,69,10.0,1,49,50,11
510,511,3,136,137.0,0,108,109,30
511,512,1,69,16.0,1,49,50,11
512,513,2,43,69.0,0,58,59,20
513,514,6,59,30.0,0,69,70,60
514,515,0,16,10.0,1,122,122,01
515,516,7,29,69.0,1,104,105,71
516,517,3,136,26.0,0,108,109,30
517,518,7,18,44.0,1,104,105,71
518,519,1,69,44.0,1,49,50,11
519,520,7,11,44.0,1,104,105,71
520,521,3,136,44.0,0,108,109,30
521,522,0,64,13.0,1,122,122,01
522,523,2,39,64.0,1,20,21,21
523,524,4,68,64.0,0,94,95,40
524,525,2,39,60.0,0,58,59,20
525,526,0,16,40.0,1,122,122,01
526,527,0,21,30.0,0,127,128,00
527,528,3,136,40.0,0,108,109,30
528,529,2,39,30.0,0,58,59,20
529,530,0,64,137.0,1,122,122,01
530,531,7,5,30.0,0,54,55,70
531,532,3,136,40.0,0,108,109,30
532,533,0,21,137.0,0,127,128,00
533,534,3,136,137.0,0,108,109,30
534,535,4,29,60.0,0,94,95,40
535,536,0,64,39.0,0,127,128,00
536,537,0,64,69.0,0,127,128,00
537,538,5,24,33.0,0,23,24,50
538,539,2,39,60.0,1,20,21,21
539,540,0,64,65.0,0,127,128,00
540,541,7,58,40.0,1,104,105,71
541,542,3,136,60.0,0,108,109,30
542,543,0,49,69.0,1,122,122,01
543,544,1,38,64.0,1,49,50,11
544,545,0,25,64.0,1,122,122,01
545,546,0,29,60.0,1,122,122,01
546,547,4,68,30.0,0,94,95,40
547,548,0,49,56.0,1,122,122,01
548,549,5,24,42.0,0,23,24,50
549,550,7,58,69.0,1,104,105,71
550,551,6,59,26.0,0,69,70,60
551,552,1,69,26.0,0,53,54,10
552,553,4,68,60.0,0,94,95,40
553,554,5,24,60.0,0,23,24,50
554,555,4,29,22.0,0,94,95,40
555,556,4,29,7.0,0,94,95,40
556,557,7,18,29.0,1,104,105,71
557,558,7,18,16.0,1,102,103,71
558,559,0,29,25.0,1,122,122,01
559,560,3,136,70.0,0,108,109,30
560,561,0,64,44.0,0,127,128,00
561,562,2,39,22.0,0,58,59,20
562,563,7,29,30.0,1,103,103,71
563,564,0,49,13.0,1,122,122,01
564,565,3,136,56.0,0,105,105,30
565,566,3,136,69.0,0,108,109,30
566,567,0,17,39.0,1,122,122,01
567,568,4,68,60.0,0,94,95,40
568,569,4,68,69.0,0,94,95,40
569,570,4,68,12.0,0,94,95,40
570,571,0,17,69.0,0,127,128,00
571,572,4,68,65.0,0,94,95,40
572,573,0,16,70.0,1,122,122,01
573,574,4,68,40.0,0,94,95,40
574,575,0,16,70.0,1,122,122,01
575,576,0,29,39.0,0,127,128,00
576,577,7,58,137.0,0,54,55,70
577,578,2,43,7.0,0,58,59,20
578,579,4,68,37.0,0,94,95,40
579,580,3,136,44.0,0,108,109,30
580,581,1,69,69.0,0,53,54,10
581,582,3,136,44.0,0,108,109,30
582,583,0,64,11.0,0,127,128,00
583,584,3,136,30.0,1,20,21,31
584,585,0,21,30.0,0,127,128,00
585,586,3,136,40.0,0,108,109,30
586,587,1,69,64.0,1,49,50,11
587,588,7,58,44.0,1,104,105,71
588,589,0,49,20.0,1,122,122,01
589,590,4,68,69.0,0,94,95,40
590,591,7,29,14.0,1,104,105,71
591,592,3,136,69.0,0,108,109,30
592,593,4,29,33.0,0,94,95,40
593,594,4,68,137.0,0,94,95,40
594,595,6,59,60.0,0,69,70,60
595,596,0,17,70.0,1,122,122,01
596,597,1,69,60.0,1,49,50,11
597,598,7,9,18.0,0,54,55,70
598,599,3,136,29.0,0,108,109,30
599,600,6,59,10.0,0,69,70,60
600,601,7,12,27.0,0,54,55,70
601,602,1,38,30.0,1,49,50,11
602,603,6,59,16.0,0,69,70,60
603,604,4,68,137.0,0,68,69,40
604,605,0,64,40.0,1,122,122,01
605,606,6,59,44.0,0,69,70,60
606,607,7,11,137.0,1,104,105,71
607,608,1,69,60.0,0,53,54,10
608,609,7,58,89.0,1,104,105,71
609,610,3,136,16.0,0,108,109,30
610,611,0,21,8.0,1,122,122,01
611,612,4,68,137.0,0,94,95,40
612,613,7,9,137.0,1,104,105,71
613,614,4,68,65.0,0,94,95,40
614,615,4,68,65.0,0,94,95,40
615,616,5,24,39.0,0,23,24,50
616,617,7,18,60.0,1,104,105,71
617,618,7,58,137.0,1,104,105,71
618,619,3,136,30.0,1,20,21,31
619,620,7,18,137.0,0,54,55,70
620,621,3,136,137.0,1,20,21,31
621,622,6,59,64.0,0,69,70,60
622,623,4,32,28.0,0,94,95,40
623,624,3,136,44.0,0,108,109,30
624,625,6,59,26.0,0,69,70,60
625,626,5,24,29.0,0,23,24,50
626,627,0,64,28.0,1,122,122,01
627,628,0,49,60.0,0,127,128,00
628,629,1,38,22.0,1,49,50,11
629,630,7,13,89.0,0,54,55,70
630,631,7,58,56.0,1,104,105,71
631,632,3,136,14.0,0,108,109,30
632,633,6,59,69.0,0,69,70,60
633,634,0,64,70.0,1,122,122,01
634,635,1,69,7.0,1,49,50,11
635,636,4,68,40.0,0,94,95,40
636,637,1,69,60.0,0,53,54,10
637,638,0,64,19.0,1,122,122,01
638,639,7,29,38.0,1,104,105,71
639,640,3,136,18.0,0,108,109,30
640,641,3,136,27.0,0,108,109,30
641,642,7,58,69.0,1,104,105,71
642,643,5,24,27.0,0,23,24,50
643,644,0,15,40.0,1,122,122,01
644,645,6,59,64.0,0,69,70,60
645,646,7,58,70.0,0,54,55,70
646,647,4,68,137.0,0,94,95,40
647,648,0,64,30.0,1,122,122,01
648,649,3,136,137.0,0,108,109,30
649,650,0,64,60.0,1,122,122,01
650,651,0,16,28.0,0,127,128,00
651,652,1,69,69.0,1,49,50,11
652,653,0,29,37.0,1,122,122,01
653,654,7,58,137.0,1,104,105,71
654,655,7,11,89.0,1,104,105,71
655,656,4,68,29.0,0,94,95,40
656,657,7,10,38.0,1,104,105,71
657,658,6,59,60.0,0,69,70,60
658,659,4,68,16.0,0,94,95,40
659,660,3,136,89.0,1,20,21,31
660,661,6,59,30.0,0,69,70,60
661,662,0,21,30.0,0,127,128,00
662,663,1,69,12.0,1,49,50,11
663,664,0,64,30.0,1,122,122,01
664,665,2,43,60.0,0,58,59,20
665,666,2,43,69.0,0,58,59,20
666,667,0,21,69.0,0,127,128,00
667,668,7,18,89.0,0,54,55,70
668,669,1,69,65.0,1,49,50,11
669,670,0,25,137.0,1,122,122,01
670,671,6,59,60.0,0,69,70,60
671,672,2,39,12.0,1,20,21,21
672,673,4,68,137.0,0,94,95,40
673,674,7,58,60.0,0,54,55,70
674,675,1,69,40.0,0,53,54,10
675,676,6,59,22.0,0,69,70,60
676,677,1,69,37.0,1,49,50,11
677,678,4,68,26.0,0,94,95,40
678,679,7,58,65.0,1,104,105,71
679,680,0,49,89.0,0,127,128,00
680,681,7,9,12.0,1,104,105,71
681,682,6,59,7.0,0,69,70,60
682,683,0,21,89.0,1,122,122,01
683,684,3,136,137.0,0,108,109,30
684,685,7,29,137.0,1,104,105,71
685,686,4,68,44.0,0,94,95,40
686,687,7,11,89.0,0,54,55,70
687,688,2,39,65.0,1,20,21,21
688,689,1,69,69.0,1,49,50,11
689,690,0,11,89.0,0,127,128,00
690,691,4,68,40.0,0,94,95,40
691,692,0,64,89.0,0,127,128,00
692,693,7,11,60.0,1,104,105,71
693,694,6,59,60.0,0,69,70,60
694,695,0,25,137.0,0,127,128,00
695,696,1,69,33.0,0,53,54,10
696,697,1,69,137.0,1,49,50,11
697,698,6,9,69.0,0,69,70,60
698,699,1,69,137.0,1,49,50,11
699,700,3,136,60.0,0,108,109,30
700,701,7,29,39.0,1,104,105,71
701,702,1,69,137.0,1,49,50,11
702,703,4,68,40.0,0,94,95,40
703,704,7,29,22.0,1,104,105,71
704,705,7,58,21.0,1,104,105,71
705,706,3,136,137.0,0,108,109,30
706,707,7,29,13.0,1,104,105,71
707,708,7,5,137.0,1,104,105,71
708,709,1,69,65.0,1,49,50,11
709,710,3,136,137.0,0,108,109,30
710,711,7,58,20.0,1,104,105,71
711,712,7,58,7.0,1,104,105,71
712,713,1,38,65.0,0,53,54,10
713,714,0,64,44.0,0,127,128,00
714,715,0,49,89.0,0,127,128,00
715,716,2,39,40.0,0,58,59,20
716,717,0,25,56.0,0,127,128,00
717,718,0,25,37.0,1,122,122,01
718,719,1,69,28.0,0,53,54,10
719,720,2,39,37.0,1,20,21,21
720,721,7,12,6.0,1,104,105,71
721,722,7,6,10.0,0,54,55,70
722,723,0,49,64.0,0,127,128,00
723,724,0,29,26.0,0,127,128,00
724,725,3,136,89.0,0,108,109,30
725,726,2,39,69.0,0,57,58,20
726,727,3,136,56.0,0,108,109,30
727,728,0,49,89.0,0,127,128,00
728,729,3,136,38.0,0,108,109,30
729,730,7,6,10.0,1,104,105,71
730,731,4,29,137.0,0,94,95,40
731,732,1,38,40.0,0,53,54,10
732,733,1,38,137.0,0,53,54,10
733,734,1,38,29.0,0,53,54,10
734,735,7,11,38.0,1,104,105,71
735,736,7,19,40.0,1,104,105,71
736,737,6,59,12.0,0,69,70,60
737,738,0,49,29.0,1,122,122,01
738,739,0,25,30.0,1,122,122,01
739,740,4,29,60.0,0,94,95,40
740,741,0,25,64.0,1,122,122,01
741,742,3,136,69.0,0,108,109,30
742,743,6,59,65.0,0,69,70,60
743,744,0,16,30.0,0,127,128,00
744,745,0,25,12.0,1,122,122,01
745,746,0,64,64.0,1,122,122,01
746,747,1,69,16.0,0,53,54,10
747,748,2,43,33.0,1,20,21,21
748,749,1,69,137.0,1,49,50,11
749,750,2,43,137.0,1,20,21,21
750,751,1,38,26.0,0,53,54,10
751,752,0,17,89.0,1,122,122,01
752,753,0,49,65.0,0,127,128,00
753,754,7,29,89.0,1,104,105,71
754,755,4,29,70.0,0,94,95,40
755,756,7,19,65.0,1,104,105,71
756,757,3,136,70.0,0,108,109,30
757,758,3,136,137.0,0,108,109,30
758,759,7,58,60.0,0,54,55,70
759,760,1,38,44.0,1,49,50,11
760,761,3,136,89.0,0,108,109,30
761,762,2,43,137.0,1,20,21,21
762,763,5,24,26.0,0,23,24,50
763,764,4,29,56.0,0,94,95,40
764,765,3,136,38.0,0,108,109,30
765,766,1,69,40.0,1,49,50,11
766,767,0,64,30.0,1,122,122,01
767,768,2,43,137.0,0,58,59,20
768,769,0,29,65.0,1,122,122,01
769,770,3,136,89.0,0,108,109,30
770,771,3,136,60.0,1,20,21,31
771,772,0,25,14.0,1,122,122,01
772,773,3,136,65.0,0,108,109,30
773,774,3,136,12.0,0,108,109,30
774,775,0,49,33.0,1,122,122,01
775,776,7,29,137.0,0,54,55,70
776,777,6,59,40.0,0,68,69,60
777,778,3,136,137.0,0,108,109,30
778,779,3,136,89.0,1,20,21,31
779,780,6,59,37.0,0,69,70,60
780,781,3,136,60.0,0,108,109,30
781,782,7,12,70.0,0,54,55,70
782,783,0,17,56.0,0,127,128,00
783,784,2,43,65.0,1,20,21,21
784,785,0,64,30.0,0,127,128,00
785,786,0,10,60.0,0,127,128,00
786,787,7,58,69.0,0,54,55,70
787,788,2,43,65.0,0,58,59,20
788,789,1,69,40.0,0,53,54,10
789,790,0,25,65.0,1,122,122,01
790,791,4,68,69.0,0,94,95,40
791,792,6,59,69.0,0,69,70,60
792,793,3,136,39.0,0,108,109,30
793,794,4,68,44.0,0,94,95,40
794,795,6,59,33.0,0,69,70,60
795,796,7,18,9.0,0,54,55,70
796,797,1,38,137.0,0,53,54,10
797,798,7,18,137.0,1,104,105,71
798,799,2,39,28.0,0,58,59,20
799,800,6,59,137.0,0,69,70,60
800,801,0,49,70.0,1,122,122,01
801,802,2,43,40.0,0,58,59,20
802,803,2,43,137.0,0,58,59,20
803,804,4,68,44.0,0,94,95,40
804,805,1,38,60.0,1,49,50,11
805,806,0,17,44.0,1,122,122,01
806,807,7,19,64.0,1,104,105,71
807,808,0,49,60.0,1,122,122,01
808,809,7,9,60.0,1,104,105,71
809,810,1,38,70.0,0,53,54,10
810,811,4,29,30.0,0,94,95,40
811,812,0,25,37.0,1,122,122,01
812,813,7,58,70.0,1,104,105,71
813,814,1,69,56.0,1,49,50,11
814,815,1,69,69.0,1,49,50,11
815,816,1,69,44.0,1,49,50,11
816,817,3,136,22.0,0,108,109,30
817,818,0,21,137.0,1,122,122,01
818,819,2,43,29.0,1,20,21,21
819,820,3,136,21.0,0,108,109,30
820,821,0,64,60.0,0,127,128,00
821,822,7,29,26.0,0,51,52,70
822,823,0,17,64.0,1,122,122,01
823,824,1,69,44.0,0,53,54,10
824,825,0,64,30.0,1,122,122,01
825,826,0,17,40.0,1,122,122,01
826,827,0,7,137.0,1,122,122,01
827,828,0,21,38.0,0,127,128,00
828,829,0,25,64.0,0,127,128,00
829,830,6,59,137.0,0,69,70,60
830,831,1,69,30.0,1,49,50,11
831,832,0,25,30.0,1,122,122,01
832,833,0,49,64.0,0,127,128,00
833,834,1,69,40.0,1,49,50,11
834,835,7,12,60.0,1,104,105,71
835,836,0,17,29.0,0,127,128,00
836,837,7,13,29.0,1,104,105,71
837,838,3,136,13.0,1,20,21,31
838,839,7,19,17.0,1,104,105,71
839,840,0,20,28.0,0,127,128,00
840,841,6,6,137.0,0,69,70,60
841,842,0,25,65.0,1,122,122,01
842,843,0,21,89.0,1,122,122,01
843,844,0,64,69.0,0,127,128,00
844,845,6,6,65.0,0,68,69,60
845,846,0,11,21.0,1,122,122,01
846,847,3,136,137.0,1,20,21,31
847,848,0,64,44.0,0,127,128,00
848,849,7,58,30.0,1,104,105,71
849,850,0,25,40.0,0,127,128,00
850,851,1,69,69.0,1,49,50,11
851,852,2,43,16.0,0,58,59,20
852,853,0,25,89.0,1,122,122,01
853,854,7,58,65.0,1,104,105,71
854,855,0,21,30.0,0,127,128,00
855,856,7,9,10.0,1,104,105,71
856,857,2,43,137.0,1,20,21,21
857,858,4,68,40.0,0,94,95,40
858,859,1,38,29.0,0,53,54,10
859,860,0,14,64.0,0,127,128,00
860,861,7,58,13.0,1,103,104,71
861,862,0,29,69.0,0,127,128,00
862,863,3,136,20.0,0,108,109,30
863,864,6,59,65.0,0,69,70,60
864,865,0,17,69.0,1,122,122,01
865,866,1,69,16.0,0,53,54,10
866,867,0,49,26.0,1,122,122,01
867,868,6,59,28.0,0,69,70,60
868,869,3,136,7.0,0,108,109,30
869,870,3,136,6.0,0,108,109,30
870,871,0,29,137.0,1,122,122,01
871,872,7,58,40.0,0,54,55,70
872,873,2,39,26.0,1,20,21,21
873,874,5,24,26.0,0,23,24,50
874,875,7,58,30.0,1,104,105,71
875,876,1,69,30.0,0,53,54,10
876,877,1,69,137.0,0,53,54,10
877,878,4,32,69.0,0,94,95,40
878,879,2,39,44.0,0,58,59,20
879,880,3,136,10.0,0,108,109,30
880,881,0,16,137.0,1,122,122,01
881,882,0,64,65.0,1,122,122,01
882,883,0,21,137.0,0,127,128,00
883,884,0,64,137.0,0,127,128,00
884,885,1,38,44.0,0,53,54,10
885,886,3,136,10.0,0,108,109,30
886,887,7,58,137.0,1,104,105,71
887,888,5,24,13.0,0,23,24,50
888,889,0,25,89.0,0,127,128,00
889,890,3,136,38.0,0,108,109,30
890,891,2,39,40.0,0,58,59,20
891,892,1,69,14.0,0,53,54,10
892,893,3,136,40.0,0,108,109,30
893,894,4,68,29.0,0,94,95,40
894,895,7,29,137.0,0,54,55,70
895,896,0,49,9.0,0,127,128,00
896,897,1,69,18.0,1,49,50,11
897,898,4,7,16.0,0,94,95,40
898,899,1,69,27.0,1,49,50,11
899,900,0,17,65.0,0,127,128,00
900,901,0,29,30.0,0,127,128,00
901,902,7,12,39.0,1,104,105,71
902,903,4,68,30.0,0,94,95,40
903,904,7,58,69.0,1,104,105,71
904,905,1,69,137.0,0,53,54,10
905,906,0,21,69.0,0,127,128,00
906,907,1,38,89.0,0,53,54,10
907,908,7,29,65.0,0,54,55,70
908,909,4,32,137.0,0,94,95,40
909,910,7,5,69.0,1,104,105,71
910,911,7,18,64.0,1,104,105,71
911,912,1,69,137.0,0,53,54,10
912,913,3,136,89.0,1,20,21,31
913,914,1,38,60.0,0,53,54,10
914,915,0,17,16.0,1,122,122,01
915,916,0,64,4.0,1,122,122,01
916,917,7,58,60.0,1,104,105,71
917,918,5,24,27.0,0,23,24,50
918,919,1,69,137.0,1,49,50,11
919,920,7,19,56.0,1,104,105,71
920,921,7,58,25.0,1,104,105,71
921,922,2,39,40.0,0,58,59,20
922,923,3,136,65.0,0,108,109,30
923,924,1,69,137.0,1,49,50,11
924,925,7,5,44.0,0,54,55,70
925,926,0,17,137.0,1,122,122,01
926,927,6,59,40.0,0,69,70,60
927,928,3,136,60.0,0,108,109,30
928,929,5,24,65.0,0,23,24,50
929,930,5,2,65.0,0,23,24,50
930,931,4,68,44.0,0,94,95,40
931,932,4,68,14.0,0,94,95,40
932,933,3,136,137.0,0,108,109,30
933,934,0,64,64.0,0,127,128,00
934,935,6,6,137.0,0,69,70,60
935,936,1,69,89.0,0,53,54,10
936,937,4,68,18.0,0,94,95,40
937,938,7,13,13.0,0,54,55,70
938,939,7,58,39.0,0,54,55,70
939,940,2,43,137.0,0,58,59,20
940,941,3,136,70.0,0,108,109,30
941,942,7,29,69.0,1,104,105,71
942,943,3,136,69.0,0,108,109,30
